"Animal_ID","variable","est","se","sig","variableType","colour","Animal_ID_colour"
"Roe15_F","Evergreen Needleleaf Forest",NA,0,NA,"Landuse",NA,"<i style='color:NA'>Roe15_F</i>"
"Roe15_F","Cropland",0.40000013777945,0.121024203360324,"Significant +","Landuse","#B54D17","<i style='color:#B54D17'>Roe15_F</i>"
"Roe15_F","Tall Grassland",0.097208278127821,0.0973691554807799,"Not Significant","Landuse","#505050","<i style='color:#505050'>Roe15_F</i>"
"Roe15_F","Short Grassland",NA,0,NA,"Landuse",NA,"<i style='color:NA'>Roe15_F</i>"
"Roe15_F","Open Shrubland",NA,0,NA,"Landuse",NA,"<i style='color:NA'>Roe15_F</i>"
"Roe15_F","Barren",NA,0,NA,"Landuse",NA,"<i style='color:NA'>Roe15_F</i>"
"Roe15_F","Permanent Wetland",-13.9209496817096,2064.33824356278,"Not Significant","Landuse","#505050","<i style='color:#505050'>Roe15_F</i>"
"Roe15_F","Human Settlements",NA,0,NA,"Landuse",NA,"<i style='color:NA'>Roe15_F</i>"
"Roe15_F","Other",-13.5494130637373,1041.34118884555,"Not Significant","Landuse","#505050","<i style='color:#505050'>Roe15_F</i>"
"Roe15_F","Distance to Woodland",-0.0115274934420894,0.00149317037438634,"Significant -","Distance","#E79559","<i style='color:#E79559'>Roe15_F</i>"
"Roe15_F","Distance to Hedges",-0.00233759157108803,0.000295062017651089,"Significant -","Distance","#E79559","<i style='color:#E79559'>Roe15_F</i>"
"Roe15_F","Road Crossing",-1.32948186951454,0.203972343003562,"Significant -","Other","#E79559","<i style='color:#E79559'>Roe15_F</i>"
"Roe15_F","sl_",0.00125436684767077,0.00035341063043868,"Significant +","Step","#B54D17","<i style='color:#B54D17'>Roe15_F</i>"
"Roe15_F","log sl_ ",-0.0273339358998806,0.0425153332215108,"Not Significant","Step","#505050","<i style='color:#505050'>Roe15_F</i>"
"Roe15_F","cos ta_ ",-0.515551390879047,0.0351653721041396,"Significant -","Other","#E79559","<i style='color:#E79559'>Roe15_F</i>"
"Roe14_M","Evergreen Needleleaf Forest",-0.35660793829421,0.142220277755156,"Significant -","Landuse","#E79559","<i style='color:#E79559'>Roe14_M</i>"
"Roe14_M","Cropland",-2.57238853601894,0.305947490215191,"Significant -","Landuse","#E79559","<i style='color:#E79559'>Roe14_M</i>"
"Roe14_M","Tall Grassland",-1.15357508307866,0.120180369834327,"Significant -","Landuse","#E79559","<i style='color:#E79559'>Roe14_M</i>"
"Roe14_M","Short Grassland",-1.84633192043249,0.405092605215737,"Significant -","Landuse","#E79559","<i style='color:#E79559'>Roe14_M</i>"
"Roe14_M","Open Shrubland",NA,0,NA,"Landuse",NA,"<i style='color:NA'>Roe14_M</i>"
"Roe14_M","Barren",NA,0,NA,"Landuse",NA,"<i style='color:NA'>Roe14_M</i>"
"Roe14_M","Permanent Wetland",NA,0,NA,"Landuse",NA,"<i style='color:NA'>Roe14_M</i>"
"Roe14_M","Human Settlements",-15.6869485695069,947.968439207751,"Not Significant","Landuse","#505050","<i style='color:#505050'>Roe14_M</i>"
"Roe14_M","Other",NA,0,NA,"Landuse",NA,"<i style='color:NA'>Roe14_M</i>"
"Roe14_M","Distance to Woodland",-0.00407866588169101,0.000600364646452623,"Significant -","Distance","#E79559","<i style='color:#E79559'>Roe14_M</i>"
"Roe14_M","Distance to Hedges",-0.00210641132699471,0.000373088114134543,"Significant -","Distance","#E79559","<i style='color:#E79559'>Roe14_M</i>"
"Roe14_M","Road Crossing",-0.307894901949497,0.154777152322714,"Significant -","Other","#E79559","<i style='color:#E79559'>Roe14_M</i>"
"Roe14_M","sl_",0.00054460271742634,0.000320711805765969,"Significant +","Step","#B54D17","<i style='color:#B54D17'>Roe14_M</i>"
"Roe14_M","log sl_ ",0.151209418994297,0.0443092652814355,"Significant +","Step","#B54D17","<i style='color:#B54D17'>Roe14_M</i>"
"Roe14_M","cos ta_ ",-0.249377978494279,0.0444049471430021,"Significant -","Other","#E79559","<i style='color:#E79559'>Roe14_M</i>"
"Roe13_F","Evergreen Needleleaf Forest",-0.829034354357376,0.853814499544809,"Not Significant","Landuse","#505050","<i style='color:#505050'>Roe13_F</i>"
"Roe13_F","Cropland",-0.451446164534486,0.107494275951388,"Significant -","Landuse","#E79559","<i style='color:#E79559'>Roe13_F</i>"
"Roe13_F","Tall Grassland",0.0917746813805278,0.0869480214593636,"Significant +","Landuse","#B54D17","<i style='color:#B54D17'>Roe13_F</i>"
"Roe13_F","Short Grassland",NA,0,NA,"Landuse",NA,"<i style='color:NA'>Roe13_F</i>"
"Roe13_F","Open Shrubland",NA,0,NA,"Landuse",NA,"<i style='color:NA'>Roe13_F</i>"
"Roe13_F","Barren",NA,0,NA,"Landuse",NA,"<i style='color:NA'>Roe13_F</i>"
"Roe13_F","Permanent Wetland",NA,0,NA,"Landuse",NA,"<i style='color:NA'>Roe13_F</i>"
"Roe13_F","Human Settlements",-14.1979550362865,792.37701104394,"Not Significant","Landuse","#505050","<i style='color:#505050'>Roe13_F</i>"
"Roe13_F","Other",0.411255860746323,0.0989547843710852,"Significant +","Landuse","#B54D17","<i style='color:#B54D17'>Roe13_F</i>"
"Roe13_F","Distance to Woodland",-0.00488692894915424,0.000561604794703072,"Significant -","Distance","#E79559","<i style='color:#E79559'>Roe13_F</i>"
"Roe13_F","Distance to Hedges",-0.000227915832674236,0.000304277096304153,"Not Significant","Distance","#505050","<i style='color:#505050'>Roe13_F</i>"
"Roe13_F","Road Crossing",-1.16078150883042,0.125014071478793,"Significant -","Other","#E79559","<i style='color:#E79559'>Roe13_F</i>"
"Roe13_F","sl_",0.000783509849879976,0.00020635125309483,"Significant +","Step","#B54D17","<i style='color:#B54D17'>Roe13_F</i>"
"Roe13_F","log sl_ ",0.0278269038321884,0.032714203885793,"Not Significant","Step","#505050","<i style='color:#505050'>Roe13_F</i>"
"Roe13_F","cos ta_ ",-0.326633587500836,0.0348738463136649,"Significant -","Other","#E79559","<i style='color:#E79559'>Roe13_F</i>"
"Roe12_F","Evergreen Needleleaf Forest",0.745483390151551,0.49079866251735,"Significant +","Landuse","#B54D17","<i style='color:#B54D17'>Roe12_F</i>"
"Roe12_F","Cropland",-0.0186482047364433,0.550362586273277,"Not Significant","Landuse","#505050","<i style='color:#505050'>Roe12_F</i>"
"Roe12_F","Tall Grassland",1.08345094262301,0.490414028021512,"Significant +","Landuse","#B54D17","<i style='color:#B54D17'>Roe12_F</i>"
"Roe12_F","Short Grassland",NA,0,NA,"Landuse",NA,"<i style='color:NA'>Roe12_F</i>"
"Roe12_F","Open Shrubland",NA,0,NA,"Landuse",NA,"<i style='color:NA'>Roe12_F</i>"
"Roe12_F","Barren",NA,0,NA,"Landuse",NA,"<i style='color:NA'>Roe12_F</i>"
"Roe12_F","Permanent Wetland",NA,0,NA,"Landuse",NA,"<i style='color:NA'>Roe12_F</i>"
"Roe12_F","Human Settlements",-12.7660838111106,1361.91528780038,"Not Significant","Landuse","#505050","<i style='color:#505050'>Roe12_F</i>"
"Roe12_F","Other",NA,0,NA,"Landuse",NA,"<i style='color:NA'>Roe12_F</i>"
"Roe12_F","Distance to Woodland",-0.00970519313415599,0.00105168098472544,"Significant -","Distance","#E79559","<i style='color:#E79559'>Roe12_F</i>"
"Roe12_F","Distance to Hedges",-0.00257143105763422,0.000500722175599002,"Significant -","Distance","#E79559","<i style='color:#E79559'>Roe12_F</i>"
"Roe12_F","Road Crossing",-1.52672271825647,0.219838039552636,"Significant -","Other","#E79559","<i style='color:#E79559'>Roe12_F</i>"
"Roe12_F","sl_",0.00238071728057576,0.000568808054359771,"Significant +","Step","#B54D17","<i style='color:#B54D17'>Roe12_F</i>"
"Roe12_F","log sl_ ",-0.023034618654512,0.0646472667143765,"Not Significant","Step","#505050","<i style='color:#505050'>Roe12_F</i>"
"Roe12_F","cos ta_ ",-0.144781167762938,0.0458545721410872,"Significant -","Other","#E79559","<i style='color:#E79559'>Roe12_F</i>"
"Roe11_F","Evergreen Needleleaf Forest",1.98648063891853,0.734359258338975,"Significant +","Landuse","#B54D17","<i style='color:#B54D17'>Roe11_F</i>"
"Roe11_F","Cropland",-1.44170003713202,1.02091680743998,"Significant -","Landuse","#E79559","<i style='color:#E79559'>Roe11_F</i>"
"Roe11_F","Tall Grassland",1.77369107570751,0.735039192689864,"Significant +","Landuse","#B54D17","<i style='color:#B54D17'>Roe11_F</i>"
"Roe11_F","Short Grassland",0.327247445724504,19511.328530599,"Not Significant","Landuse","#505050","<i style='color:#505050'>Roe11_F</i>"
"Roe11_F","Open Shrubland",NA,0,NA,"Landuse",NA,"<i style='color:NA'>Roe11_F</i>"
"Roe11_F","Barren",NA,0,NA,"Landuse",NA,"<i style='color:NA'>Roe11_F</i>"
"Roe11_F","Permanent Wetland",NA,0,NA,"Landuse",NA,"<i style='color:NA'>Roe11_F</i>"
"Roe11_F","Human Settlements",-16.051505877642,6008.39809215758,"Not Significant","Landuse","#505050","<i style='color:#505050'>Roe11_F</i>"
"Roe11_F","Other",NA,0,NA,"Landuse",NA,"<i style='color:NA'>Roe11_F</i>"
"Roe11_F","Distance to Woodland",-0.00559052061123977,0.00140202576048927,"Significant -","Distance","#E79559","<i style='color:#E79559'>Roe11_F</i>"
"Roe11_F","Distance to Hedges",-0.00235704026882627,0.000604921830759932,"Significant -","Distance","#E79559","<i style='color:#E79559'>Roe11_F</i>"
"Roe11_F","Road Crossing",-17.9882613606613,1620.79508860473,"Not Significant","Other","#505050","<i style='color:#505050'>Roe11_F</i>"
"Roe11_F","sl_",0.00266403727453622,0.000659912839068723,"Significant +","Step","#B54D17","<i style='color:#B54D17'>Roe11_F</i>"
"Roe11_F","log sl_ ",-0.0858012881209373,0.0797869464401193,"Significant -","Step","#E79559","<i style='color:#E79559'>Roe11_F</i>"
"Roe11_F","cos ta_ ",0.125907964128611,0.0662880606277375,"Significant +","Other","#B54D17","<i style='color:#B54D17'>Roe11_F</i>"
"Roe10_F","Evergreen Needleleaf Forest",-3.44497750301511,1.00678092353152,"Significant -","Landuse","#E79559","<i style='color:#E79559'>Roe10_F</i>"
"Roe10_F","Cropland",NA,0,NA,"Landuse",NA,"<i style='color:NA'>Roe10_F</i>"
"Roe10_F","Tall Grassland",-1.09155519762442,0.112540110033505,"Significant -","Landuse","#E79559","<i style='color:#E79559'>Roe10_F</i>"
"Roe10_F","Short Grassland",NA,0,NA,"Landuse",NA,"<i style='color:NA'>Roe10_F</i>"
"Roe10_F","Open Shrubland",-0.221771920523841,0.116117098996641,"Significant -","Landuse","#E79559","<i style='color:#E79559'>Roe10_F</i>"
"Roe10_F","Barren",NA,0,NA,"Landuse",NA,"<i style='color:NA'>Roe10_F</i>"
"Roe10_F","Permanent Wetland",NA,0,NA,"Landuse",NA,"<i style='color:NA'>Roe10_F</i>"
"Roe10_F","Human Settlements",NA,0,NA,"Landuse",NA,"<i style='color:NA'>Roe10_F</i>"
"Roe10_F","Other",-2.91794346481077,0.50001873006584,"Significant -","Landuse","#E79559","<i style='color:#E79559'>Roe10_F</i>"
"Roe10_F","Distance to Woodland",0.00557539761092727,0.000809273770163754,"Significant +","Distance","#B54D17","<i style='color:#B54D17'>Roe10_F</i>"
"Roe10_F","Distance to Hedges",-0.00366632197961215,0.000332125655713013,"Significant -","Distance","#E79559","<i style='color:#E79559'>Roe10_F</i>"
"Roe10_F","Road Crossing",-1.60425645443292,0.200503718710651,"Significant -","Other","#E79559","<i style='color:#E79559'>Roe10_F</i>"
"Roe10_F","sl_",0.0011891267346957,0.00042629250278739,"Significant +","Step","#B54D17","<i style='color:#B54D17'>Roe10_F</i>"
"Roe10_F","log sl_ ",0.0401826723274222,0.0442402619286124,"Not Significant","Step","#505050","<i style='color:#505050'>Roe10_F</i>"
"Roe10_F","cos ta_ ",-0.798063551969676,0.0366046742111298,"Significant -","Other","#E79559","<i style='color:#E79559'>Roe10_F</i>"
"Roe09_M","Evergreen Needleleaf Forest",0.101442042227365,0.0796004854645477,"Significant +","Landuse","#B54D17","<i style='color:#B54D17'>Roe09_M</i>"
"Roe09_M","Cropland",NA,0,NA,"Landuse",NA,"<i style='color:NA'>Roe09_M</i>"
"Roe09_M","Tall Grassland",0.128759803429322,0.134214235293017,"Not Significant","Landuse","#505050","<i style='color:#505050'>Roe09_M</i>"
"Roe09_M","Short Grassland",-0.668644121854497,0.191792047200833,"Significant -","Landuse","#E79559","<i style='color:#E79559'>Roe09_M</i>"
"Roe09_M","Open Shrubland",NA,0,NA,"Landuse",NA,"<i style='color:NA'>Roe09_M</i>"
"Roe09_M","Barren",NA,0,NA,"Landuse",NA,"<i style='color:NA'>Roe09_M</i>"
"Roe09_M","Permanent Wetland",NA,0,NA,"Landuse",NA,"<i style='color:NA'>Roe09_M</i>"
"Roe09_M","Human Settlements",NA,0,NA,"Landuse",NA,"<i style='color:NA'>Roe09_M</i>"
"Roe09_M","Other",NA,0,NA,"Landuse",NA,"<i style='color:NA'>Roe09_M</i>"
"Roe09_M","Distance to Woodland",-0.00239278751822937,0.000288799234718982,"Significant -","Distance","#E79559","<i style='color:#E79559'>Roe09_M</i>"
"Roe09_M","Distance to Hedges",0.000140685906329827,0.000185023526193298,"Not Significant","Distance","#505050","<i style='color:#505050'>Roe09_M</i>"
"Roe09_M","Road Crossing",17.9569858108483,888.360065199611,"Not Significant","Other","#505050","<i style='color:#505050'>Roe09_M</i>"
"Roe09_M","sl_",-0.000393553349917048,0.000338865653888359,"Significant -","Step","#E79559","<i style='color:#E79559'>Roe09_M</i>"
"Roe09_M","log sl_ ",0.0730651640666801,0.0447331309508088,"Significant +","Step","#B54D17","<i style='color:#B54D17'>Roe09_M</i>"
"Roe09_M","cos ta_ ",-0.0604237936518118,0.0357344909316342,"Significant -","Other","#E79559","<i style='color:#E79559'>Roe09_M</i>"
"Roe08_M","Evergreen Needleleaf Forest",-1.13239090337811,0.533417210436444,"Significant -","Landuse","#E79559","<i style='color:#E79559'>Roe08_M</i>"
"Roe08_M","Cropland",-0.518036208526335,0.0946063730807508,"Significant -","Landuse","#E79559","<i style='color:#E79559'>Roe08_M</i>"
"Roe08_M","Tall Grassland",-0.68432536890976,0.0996607531226394,"Significant -","Landuse","#E79559","<i style='color:#E79559'>Roe08_M</i>"
"Roe08_M","Short Grassland",NA,0,NA,"Landuse",NA,"<i style='color:NA'>Roe08_M</i>"
"Roe08_M","Open Shrubland",NA,0,NA,"Landuse",NA,"<i style='color:NA'>Roe08_M</i>"
"Roe08_M","Barren",NA,0,NA,"Landuse",NA,"<i style='color:NA'>Roe08_M</i>"
"Roe08_M","Permanent Wetland",-14.1361758497436,798.943671392909,"Not Significant","Landuse","#505050","<i style='color:#505050'>Roe08_M</i>"
"Roe08_M","Human Settlements",-1.61187290329961,0.725793806383822,"Significant -","Landuse","#E79559","<i style='color:#E79559'>Roe08_M</i>"
"Roe08_M","Other",NA,0,NA,"Landuse",NA,"<i style='color:NA'>Roe08_M</i>"
"Roe08_M","Distance to Woodland",0.000113834923804134,0.000287192974501925,"Not Significant","Distance","#505050","<i style='color:#505050'>Roe08_M</i>"
"Roe08_M","Distance to Hedges",-0.00150177778338372,0.000349833186187234,"Significant -","Distance","#E79559","<i style='color:#E79559'>Roe08_M</i>"
"Roe08_M","Road Crossing",-0.640685563641257,0.0875734265402885,"Significant -","Other","#E79559","<i style='color:#E79559'>Roe08_M</i>"
"Roe08_M","sl_",0.000777527139200645,0.000270509782852871,"Significant +","Step","#B54D17","<i style='color:#B54D17'>Roe08_M</i>"
"Roe08_M","log sl_ ",-0.00496676418036019,0.0401522214904218,"Not Significant","Step","#505050","<i style='color:#505050'>Roe08_M</i>"
"Roe08_M","cos ta_ ",-0.585312355259645,0.0360628381241285,"Significant -","Other","#E79559","<i style='color:#E79559'>Roe08_M</i>"
"Roe07_F","Evergreen Needleleaf Forest",0.555571740608229,0.188686082721106,"Significant +","Landuse","#B54D17","<i style='color:#B54D17'>Roe07_F</i>"
"Roe07_F","Cropland",NA,0,NA,"Landuse",NA,"<i style='color:NA'>Roe07_F</i>"
"Roe07_F","Tall Grassland",0.0465190146177273,1.05412502213884,"Not Significant","Landuse","#505050","<i style='color:#505050'>Roe07_F</i>"
"Roe07_F","Short Grassland",NA,0,NA,"Landuse",NA,"<i style='color:NA'>Roe07_F</i>"
"Roe07_F","Open Shrubland",0.740907472349399,0.289369724899289,"Significant +","Landuse","#B54D17","<i style='color:#B54D17'>Roe07_F</i>"
"Roe07_F","Barren",NA,0,NA,"Landuse",NA,"<i style='color:NA'>Roe07_F</i>"
"Roe07_F","Permanent Wetland",NA,0,NA,"Landuse",NA,"<i style='color:NA'>Roe07_F</i>"
"Roe07_F","Human Settlements",NA,0,NA,"Landuse",NA,"<i style='color:NA'>Roe07_F</i>"
"Roe07_F","Other",NA,0,NA,"Landuse",NA,"<i style='color:NA'>Roe07_F</i>"
"Roe07_F","Distance to Woodland",-0.00680386961345077,0.00209352303766039,"Significant -","Distance","#E79559","<i style='color:#E79559'>Roe07_F</i>"
"Roe07_F","Distance to Hedges",0.00280989183726984,0.000668117935674606,"Significant +","Distance","#B54D17","<i style='color:#B54D17'>Roe07_F</i>"
"Roe07_F","Road Crossing",-0.248253735217108,0.18168028091716,"Significant -","Other","#E79559","<i style='color:#E79559'>Roe07_F</i>"
"Roe07_F","sl_",0.00185562596032906,0.000744851461092602,"Significant +","Step","#B54D17","<i style='color:#B54D17'>Roe07_F</i>"
"Roe07_F","log sl_ ",-0.0330804557531206,0.0668168742380382,"Not Significant","Step","#505050","<i style='color:#505050'>Roe07_F</i>"
"Roe07_F","cos ta_ ",-0.122283725646148,0.0798594444527093,"Significant -","Other","#E79559","<i style='color:#E79559'>Roe07_F</i>"
"Roe06_F","Evergreen Needleleaf Forest",-14.1974860305161,1168.40781947639,"Not Significant","Landuse","#505050","<i style='color:#505050'>Roe06_F</i>"
"Roe06_F","Cropland",0.0417050896524457,0.0816593529225628,"Not Significant","Landuse","#505050","<i style='color:#505050'>Roe06_F</i>"
"Roe06_F","Tall Grassland",-0.041172168348797,0.0776251257862862,"Not Significant","Landuse","#505050","<i style='color:#505050'>Roe06_F</i>"
"Roe06_F","Short Grassland",NA,0,NA,"Landuse",NA,"<i style='color:NA'>Roe06_F</i>"
"Roe06_F","Open Shrubland",NA,0,NA,"Landuse",NA,"<i style='color:NA'>Roe06_F</i>"
"Roe06_F","Barren",NA,0,NA,"Landuse",NA,"<i style='color:NA'>Roe06_F</i>"
"Roe06_F","Permanent Wetland",1.0868497979015,0.126649230293809,"Significant +","Landuse","#B54D17","<i style='color:#B54D17'>Roe06_F</i>"
"Roe06_F","Human Settlements",-13.7704164168271,1151.42312037908,"Not Significant","Landuse","#505050","<i style='color:#505050'>Roe06_F</i>"
"Roe06_F","Other",NA,0,NA,"Landuse",NA,"<i style='color:NA'>Roe06_F</i>"
"Roe06_F","Distance to Woodland",-0.0086500259752752,0.000734537773546107,"Significant -","Distance","#E79559","<i style='color:#E79559'>Roe06_F</i>"
"Roe06_F","Distance to Hedges",0.000274306171462175,0.000271593930997861,"Significant +","Distance","#B54D17","<i style='color:#B54D17'>Roe06_F</i>"
"Roe06_F","Road Crossing",-1.12066061310045,0.0940071684628519,"Significant -","Other","#E79559","<i style='color:#E79559'>Roe06_F</i>"
"Roe06_F","sl_",0.00204099109080991,0.000434019346600239,"Significant +","Step","#B54D17","<i style='color:#B54D17'>Roe06_F</i>"
"Roe06_F","log sl_ ",0.0572620195061337,0.0464007385140318,"Significant +","Step","#B54D17","<i style='color:#B54D17'>Roe06_F</i>"
"Roe06_F","cos ta_ ",-0.498937603967292,0.0357566694638046,"Significant -","Other","#E79559","<i style='color:#E79559'>Roe06_F</i>"
"Roe05_F","Evergreen Needleleaf Forest",0.223241080872096,0.201779559585327,"Significant +","Landuse","#B54D17","<i style='color:#B54D17'>Roe05_F</i>"
"Roe05_F","Cropland",-13.0823141269204,1476.06044996295,"Not Significant","Landuse","#505050","<i style='color:#505050'>Roe05_F</i>"
"Roe05_F","Tall Grassland",-0.508238936028682,0.180560210798001,"Significant -","Landuse","#E79559","<i style='color:#E79559'>Roe05_F</i>"
"Roe05_F","Short Grassland",NA,0,NA,"Landuse",NA,"<i style='color:NA'>Roe05_F</i>"
"Roe05_F","Open Shrubland",0.410949339930558,0.19512355431823,"Significant +","Landuse","#B54D17","<i style='color:#B54D17'>Roe05_F</i>"
"Roe05_F","Barren",NA,0,NA,"Landuse",NA,"<i style='color:NA'>Roe05_F</i>"
"Roe05_F","Permanent Wetland",NA,0,NA,"Landuse",NA,"<i style='color:NA'>Roe05_F</i>"
"Roe05_F","Human Settlements",NA,0,NA,"Landuse",NA,"<i style='color:NA'>Roe05_F</i>"
"Roe05_F","Other",-1.51885721682953,0.441423603396446,"Significant -","Landuse","#E79559","<i style='color:#E79559'>Roe05_F</i>"
"Roe05_F","Distance to Woodland",-0.00922442749457826,0.00171866830607839,"Significant -","Distance","#E79559","<i style='color:#E79559'>Roe05_F</i>"
"Roe05_F","Distance to Hedges",-0.00109716427118241,0.000492808454143601,"Significant -","Distance","#E79559","<i style='color:#E79559'>Roe05_F</i>"
"Roe05_F","Road Crossing",-0.47451574478001,0.243030864967238,"Significant -","Other","#E79559","<i style='color:#E79559'>Roe05_F</i>"
"Roe05_F","sl_",0.000821835802459445,0.000404665235830862,"Significant +","Step","#B54D17","<i style='color:#B54D17'>Roe05_F</i>"
"Roe05_F","log sl_ ",0.0485607248054782,0.0579347826486081,"Not Significant","Step","#505050","<i style='color:#505050'>Roe05_F</i>"
"Roe05_F","cos ta_ ",0.028805752154592,0.0593076095158204,"Not Significant","Other","#505050","<i style='color:#505050'>Roe05_F</i>"
"Roe04_F","Evergreen Needleleaf Forest",0.0638637221972047,0.0978990057491214,"Not Significant","Landuse","#505050","<i style='color:#505050'>Roe04_F</i>"
"Roe04_F","Cropland",0.28970780294002,0.102817449871615,"Significant +","Landuse","#B54D17","<i style='color:#B54D17'>Roe04_F</i>"
"Roe04_F","Tall Grassland",0.0710434764554838,0.113863693336308,"Not Significant","Landuse","#505050","<i style='color:#505050'>Roe04_F</i>"
"Roe04_F","Short Grassland",NA,0,NA,"Landuse",NA,"<i style='color:NA'>Roe04_F</i>"
"Roe04_F","Open Shrubland",NA,0,NA,"Landuse",NA,"<i style='color:NA'>Roe04_F</i>"
"Roe04_F","Barren",NA,0,NA,"Landuse",NA,"<i style='color:NA'>Roe04_F</i>"
"Roe04_F","Permanent Wetland",-15.2920668346756,6251.79089343314,"Not Significant","Landuse","#505050","<i style='color:#505050'>Roe04_F</i>"
"Roe04_F","Human Settlements",-15.3251845382756,4474.98788999037,"Not Significant","Landuse","#505050","<i style='color:#505050'>Roe04_F</i>"
"Roe04_F","Other",-14.2898306809103,735.995477030098,"Not Significant","Landuse","#505050","<i style='color:#505050'>Roe04_F</i>"
"Roe04_F","Distance to Woodland",-0.00160484998631903,0.00072727446263765,"Significant -","Distance","#E79559","<i style='color:#E79559'>Roe04_F</i>"
"Roe04_F","Distance to Hedges",-0.00326676148219264,0.000485783202388836,"Significant -","Distance","#E79559","<i style='color:#E79559'>Roe04_F</i>"
"Roe04_F","Road Crossing",0.0519181653611713,0.0707548769757742,"Not Significant","Other","#505050","<i style='color:#505050'>Roe04_F</i>"
"Roe04_F","sl_",0.000763008212352711,0.000434145721594065,"Significant +","Step","#B54D17","<i style='color:#B54D17'>Roe04_F</i>"
"Roe04_F","log sl_ ",-0.0323220228756814,0.0440811870093288,"Not Significant","Step","#505050","<i style='color:#505050'>Roe04_F</i>"
"Roe04_F","cos ta_ ",-0.456991307878851,0.0357007311209038,"Significant -","Other","#E79559","<i style='color:#E79559'>Roe04_F</i>"
"Roe03_M","Evergreen Needleleaf Forest",0.322219215302012,0.16688407277538,"Significant +","Landuse","#B54D17","<i style='color:#B54D17'>Roe03_M</i>"
"Roe03_M","Cropland",NA,0,NA,"Landuse",NA,"<i style='color:NA'>Roe03_M</i>"
"Roe03_M","Tall Grassland",1.12730897780221,0.674328062201008,"Significant +","Landuse","#B54D17","<i style='color:#B54D17'>Roe03_M</i>"
"Roe03_M","Short Grassland",-9.64990750707211,12303.5976808958,"Not Significant","Landuse","#505050","<i style='color:#505050'>Roe03_M</i>"
"Roe03_M","Open Shrubland",-13.6255162927181,2092.85203857267,"Not Significant","Landuse","#505050","<i style='color:#505050'>Roe03_M</i>"
"Roe03_M","Barren",NA,0,NA,"Landuse",NA,"<i style='color:NA'>Roe03_M</i>"
"Roe03_M","Permanent Wetland",NA,0,NA,"Landuse",NA,"<i style='color:NA'>Roe03_M</i>"
"Roe03_M","Human Settlements",-13.6619808595831,2704.29261591339,"Not Significant","Landuse","#505050","<i style='color:#505050'>Roe03_M</i>"
"Roe03_M","Other",NA,0,NA,"Landuse",NA,"<i style='color:NA'>Roe03_M</i>"
"Roe03_M","Distance to Woodland",-0.0525657274128258,0.02063258274164,"Significant -","Distance","#E79559","<i style='color:#E79559'>Roe03_M</i>"
"Roe03_M","Distance to Hedges",0.000932832985840506,0.000736042409465571,"Significant +","Distance","#B54D17","<i style='color:#B54D17'>Roe03_M</i>"
"Roe03_M","Road Crossing",-0.0117905061661807,0.171411202351964,"Not Significant","Other","#505050","<i style='color:#505050'>Roe03_M</i>"
"Roe03_M","sl_",0.00058711316049814,0.000566623279124919,"Significant +","Step","#B54D17","<i style='color:#B54D17'>Roe03_M</i>"
"Roe03_M","log sl_ ",0.00148310932924549,0.0994168856888304,"Not Significant","Step","#505050","<i style='color:#505050'>Roe03_M</i>"
"Roe03_M","cos ta_ ",-0.824098995602644,0.0903898036991786,"Significant -","Other","#E79559","<i style='color:#E79559'>Roe03_M</i>"
"Roe02_F","Evergreen Needleleaf Forest",-0.49858535646416,0.0937952333468361,"Significant -","Landuse","#E79559","<i style='color:#E79559'>Roe02_F</i>"
"Roe02_F","Cropland",-0.930374809086425,0.206203639524526,"Significant -","Landuse","#E79559","<i style='color:#E79559'>Roe02_F</i>"
"Roe02_F","Tall Grassland",-0.795318500710255,0.118239594415822,"Significant -","Landuse","#E79559","<i style='color:#E79559'>Roe02_F</i>"
"Roe02_F","Short Grassland",NA,0,NA,"Landuse",NA,"<i style='color:NA'>Roe02_F</i>"
"Roe02_F","Open Shrubland",NA,0,NA,"Landuse",NA,"<i style='color:NA'>Roe02_F</i>"
"Roe02_F","Barren",NA,0,NA,"Landuse",NA,"<i style='color:NA'>Roe02_F</i>"
"Roe02_F","Permanent Wetland",-15.5218945231254,2767.42644524238,"Not Significant","Landuse","#505050","<i style='color:#505050'>Roe02_F</i>"
"Roe02_F","Human Settlements",-14.2981364718917,897.772574613579,"Not Significant","Landuse","#505050","<i style='color:#505050'>Roe02_F</i>"
"Roe02_F","Other",-14.7042941080275,1090.52490434886,"Not Significant","Landuse","#505050","<i style='color:#505050'>Roe02_F</i>"
"Roe02_F","Distance to Woodland",0.00022172449190763,0.000850287095096373,"Not Significant","Distance","#505050","<i style='color:#505050'>Roe02_F</i>"
"Roe02_F","Distance to Hedges",0.000676286153898941,0.000274728672109525,"Significant +","Distance","#B54D17","<i style='color:#B54D17'>Roe02_F</i>"
"Roe02_F","Road Crossing",-0.0601304630411277,0.0998175978417685,"Not Significant","Other","#505050","<i style='color:#505050'>Roe02_F</i>"
"Roe02_F","sl_",0.00032987110406392,0.000297105256879208,"Significant +","Step","#B54D17","<i style='color:#B54D17'>Roe02_F</i>"
"Roe02_F","log sl_ ",0.0129210053038818,0.0435530121957369,"Not Significant","Step","#505050","<i style='color:#505050'>Roe02_F</i>"
"Roe02_F","cos ta_ ",-0.622277798633765,0.0363341993239721,"Significant -","Other","#E79559","<i style='color:#E79559'>Roe02_F</i>"
"Roe01_F","Evergreen Needleleaf Forest",-0.734304750251311,0.197908014672198,"Significant -","Landuse","#E79559","<i style='color:#E79559'>Roe01_F</i>"
"Roe01_F","Cropland",-0.85699194034713,0.190977767682433,"Significant -","Landuse","#E79559","<i style='color:#E79559'>Roe01_F</i>"
"Roe01_F","Tall Grassland",-0.288353377984486,0.108356595373765,"Significant -","Landuse","#E79559","<i style='color:#E79559'>Roe01_F</i>"
"Roe01_F","Short Grassland",NA,0,NA,"Landuse",NA,"<i style='color:NA'>Roe01_F</i>"
"Roe01_F","Open Shrubland",NA,0,NA,"Landuse",NA,"<i style='color:NA'>Roe01_F</i>"
"Roe01_F","Barren",NA,0,NA,"Landuse",NA,"<i style='color:NA'>Roe01_F</i>"
"Roe01_F","Permanent Wetland",-13.9667382452058,2427.65899658379,"Not Significant","Landuse","#505050","<i style='color:#505050'>Roe01_F</i>"
"Roe01_F","Human Settlements",-14.1985526869764,799.539020079557,"Not Significant","Landuse","#505050","<i style='color:#505050'>Roe01_F</i>"
"Roe01_F","Other",-14.3646649354846,1424.35024648215,"Not Significant","Landuse","#505050","<i style='color:#505050'>Roe01_F</i>"
"Roe01_F","Distance to Woodland",-0.0021825281324858,0.000750729100070864,"Significant -","Distance","#E79559","<i style='color:#E79559'>Roe01_F</i>"
"Roe01_F","Distance to Hedges",0.00125917478536422,0.000315825535827803,"Significant +","Distance","#B54D17","<i style='color:#B54D17'>Roe01_F</i>"
"Roe01_F","Road Crossing",-0.505812143158094,0.0994067330006153,"Significant -","Other","#E79559","<i style='color:#E79559'>Roe01_F</i>"
"Roe01_F","sl_",0.000656176864139406,0.000249048280532707,"Significant +","Step","#B54D17","<i style='color:#B54D17'>Roe01_F</i>"
"Roe01_F","log sl_ ",0.0305206013352389,0.0381577709419956,"Not Significant","Step","#505050","<i style='color:#505050'>Roe01_F</i>"
"Roe01_F","cos ta_ ",-0.741317544401459,0.0371880664418954,"Significant -","Other","#E79559","<i style='color:#E79559'>Roe01_F</i>"
